what,kind,bundleId,bundleVersion,description,time
executed,command,,,"com.google.gdt.eclipse.suite.launch.ui.webappLaunchShortcut.run",1328782344946
activated,view,com.google.gwt.eclipse.oophm,2.5.1.v201201120043-rel-r37,"com.google.gwt.eclipse.DevModeView",1328782345089
activated,view,org.eclipse.ui.console,3.5.100.v20110511,"org.eclipse.ui.console.ConsoleView",1328782346749
activated,view,com.google.gwt.eclipse.oophm,2.5.1.v201201120043-rel-r37,"com.google.gwt.eclipse.DevModeView",1328782349204
deactivated,workbench,org.eclipse.ui.workbench,3.7.0.I20110519-0100,"",1328782362991
activated,workbench,org.eclipse.ui.workbench,3.7.0.I20110519-0100,"",1328782364392
activated,view,org.eclipse.ui.console,3.5.100.v20110511,"org.eclipse.ui.console.ConsoleView",1328782376128
activated,view,com.google.gwt.eclipse.oophm,2.5.1.v201201120043-rel-r37,"com.google.gwt.eclipse.DevModeView",1328782384912
activated,view,org.eclipse.ui.console,3.5.100.v20110511,"org.eclipse.ui.console.ConsoleView",1328782403973
activated,view,com.google.gwt.eclipse.oophm,2.5.1.v201201120043-rel-r37,"com.google.gwt.eclipse.DevModeView",1328782407468
activated,view,org.eclipse.ui.console,3.5.100.v20110511,"org.eclipse.ui.console.ConsoleView",1328782436648
activated,view,com.google.gwt.eclipse.oophm,2.5.1.v201201120043-rel-r37,"com.google.gwt.eclipse.DevModeView",1328782436937
activated,view,org.eclipse.ui.console,3.5.100.v20110511,"org.eclipse.ui.console.ConsoleView",1328782438059
activated,view,com.google.gwt.eclipse.oophm,2.5.1.v201201120043-rel-r37,"com.google.gwt.eclipse.DevModeView",1328782438339
activated,view,org.eclipse.ui.console,3.5.100.v20110511,"org.eclipse.ui.console.ConsoleView",1328782439435
activated,view,com.google.gwt.eclipse.oophm,2.5.1.v201201120043-rel-r37,"com.google.gwt.eclipse.DevModeView",1328782439715
activated,view,org.eclipse.ui.console,3.5.100.v20110511,"org.eclipse.ui.console.ConsoleView",1328782443452
activated,view,com.google.gwt.eclipse.oophm,2.5.1.v201201120043-rel-r37,"com.google.gwt.eclipse.DevModeView",1328782456751
activated,view,org.eclipse.ui.console,3.5.100.v20110511,"org.eclipse.ui.console.ConsoleView",1328782489054
activated,view,com.google.gwt.eclipse.oophm,2.5.1.v201201120043-rel-r37,"com.google.gwt.eclipse.DevModeView",1328782497313
activated,editor,org.eclipse.wb.core.ui,,"org.eclipse.wb.core.guiEditor",1328782501046
deactivated,workbench,org.eclipse.ui.workbench,3.7.0.I20110519-0100,"",1328782508988
activated,workbench,org.eclipse.ui.workbench,3.7.0.I20110519-0100,"",1328782510690
activated,view,com.google.gwt.eclipse.oophm,2.5.1.v201201120043-rel-r37,"com.google.gwt.eclipse.DevModeView",1328782510712
activated,view,org.eclipse.ui.console,3.5.100.v20110511,"org.eclipse.ui.console.ConsoleView",1328782513700
activated,view,com.google.gwt.eclipse.oophm,2.5.1.v201201120043-rel-r37,"com.google.gwt.eclipse.DevModeView",1328782514817
activated,view,org.eclipse.ui.console,3.5.100.v20110511,"org.eclipse.ui.console.ConsoleView",1328782518170
activated,view,com.google.gwt.eclipse.oophm,2.5.1.v201201120043-rel-r37,"com.google.gwt.eclipse.DevModeView",1328782535764
activated,view,org.eclipse.ui.console,3.5.100.v20110511,"org.eclipse.ui.console.ConsoleView",1328782548125
activated,view,com.google.gwt.eclipse.oophm,2.5.1.v201201120043-rel-r37,"com.google.gwt.eclipse.DevModeView",1328782548269
activated,view,org.eclipse.ui.console,3.5.100.v20110511,"org.eclipse.ui.console.ConsoleView",1328782550796
activated,view,com.google.gwt.eclipse.oophm,2.5.1.v201201120043-rel-r37,"com.google.gwt.eclipse.DevModeView",1328782555815
activated,view,org.eclipse.ui.console,3.5.100.v20110511,"org.eclipse.ui.console.ConsoleView",1328782561347
activated,view,com.google.gwt.eclipse.oophm,2.5.1.v201201120043-rel-r37,"com.google.gwt.eclipse.DevModeView",1328782561467
activated,view,org.eclipse.ui.console,3.5.100.v20110511,"org.eclipse.ui.console.ConsoleView",1328782567631
activated,view,com.google.gwt.eclipse.oophm,2.5.1.v201201120043-rel-r37,"com.google.gwt.eclipse.DevModeView",1328782577120
activated,view,org.eclipse.ui.console,3.5.100.v20110511,"org.eclipse.ui.console.ConsoleView",1328782585518
activated,view,com.google.gwt.eclipse.oophm,2.5.1.v201201120043-rel-r37,"com.google.gwt.eclipse.DevModeView",1328782585879
activated,view,org.eclipse.ui.console,3.5.100.v20110511,"org.eclipse.ui.console.ConsoleView",1328782586258
activated,view,com.google.gwt.eclipse.oophm,2.5.1.v201201120043-rel-r37,"com.google.gwt.eclipse.DevModeView",1328782587191
activated,view,org.eclipse.ui.console,3.5.100.v20110511,"org.eclipse.ui.console.ConsoleView",1328782587413
activated,view,com.google.gwt.eclipse.oophm,2.5.1.v201201120043-rel-r37,"com.google.gwt.eclipse.DevModeView",1328782587755
activated,view,org.eclipse.ui.console,3.5.100.v20110511,"org.eclipse.ui.console.ConsoleView",1328782588132
activated,view,com.google.gwt.eclipse.oophm,2.5.1.v201201120043-rel-r37,"com.google.gwt.eclipse.DevModeView",1328782589064
activated,editor,com.google.gwt.eclipse.core,2.5.1.v201201120043-rel-r37,"com.google.gwt.eclipse.core.editors.gwtJavaEditor",1328782619262
activated,editor,org.eclipse.wb.core.ui,,"org.eclipse.wb.core.guiEditor",1328782648578
deactivated,workbench,org.eclipse.ui.workbench,3.7.0.I20110519-0100,"",1328782693370
activated,workbench,org.eclipse.ui.workbench,3.7.0.I20110519-0100,"",1328782702813
deactivated,workbench,org.eclipse.ui.workbench,3.7.0.I20110519-0100,"",1328782712230
activated,workbench,org.eclipse.ui.workbench,3.7.0.I20110519-0100,"",1328782712458
deactivated,workbench,org.eclipse.ui.workbench,3.7.0.I20110519-0100,"",1328782713983
activated,workbench,org.eclipse.ui.workbench,3.7.0.I20110519-0100,"",1328782723583
executed,command,org.eclipse.ui,3.7.0.I20110602-0100,"org.eclipse.ui.edit.copy",1328782744337
deactivated,workbench,org.eclipse.ui.workbench,3.7.0.I20110519-0100,"",1328782745307
activated,workbench,org.eclipse.ui.workbench,3.7.0.I20110519-0100,"",1328782818969
activated,editor,com.google.gwt.eclipse.core,2.5.1.v201201120043-rel-r37,"com.google.gwt.eclipse.core.editors.gwtJavaEditor",1328782820318
executed,command,org.eclipse.ui,3.7.0.I20110602-0100,"org.eclipse.ui.edit.selectAll",1328782820762
executed,command,org.eclipse.ui,3.7.0.I20110602-0100,"org.eclipse.ui.edit.paste",1328782821431
deactivated,workbench,org.eclipse.ui.workbench,3.7.0.I20110519-0100,"",1328782825885
activated,workbench,org.eclipse.ui.workbench,3.7.0.I20110519-0100,"",1328782826046
executed,command,org.eclipse.ui,3.7.0.I20110602-0100,"org.eclipse.ui.file.save",1328782827758
deactivated,workbench,org.eclipse.ui.workbench,3.7.0.I20110519-0100,"",1328782828858
activated,workbench,org.eclipse.ui.workbench,3.7.0.I20110519-0100,"",1328782854814
activated,view,com.google.gwt.eclipse.oophm,2.5.1.v201201120043-rel-r37,"com.google.gwt.eclipse.DevModeView",1328782854838
activated,view,org.eclipse.ui.console,3.5.100.v20110511,"org.eclipse.ui.console.ConsoleView",1328782858015
activated,view,com.google.gwt.eclipse.oophm,2.5.1.v201201120043-rel-r37,"com.google.gwt.eclipse.DevModeView",1328782858820
activated,view,org.eclipse.ui.console,3.5.100.v20110511,"org.eclipse.ui.console.ConsoleView",1328782861948
activated,view,com.google.gwt.eclipse.oophm,2.5.1.v201201120043-rel-r37,"com.google.gwt.eclipse.DevModeView",1328782867050
activated,view,org.eclipse.ui.console,3.5.100.v20110511,"org.eclipse.ui.console.ConsoleView",1328783426933
activated,view,com.google.gwt.eclipse.oophm,2.5.1.v201201120043-rel-r37,"com.google.gwt.eclipse.DevModeView",1328783433192
activated,editor,com.google.gwt.eclipse.core,2.5.1.v201201120043-rel-r37,"com.google.gwt.eclipse.core.editors.gwtJavaEditor",1328783441247
activated,editor,org.eclipse.wb.core.ui,,"org.eclipse.wb.core.guiEditor",1328783441311
closed,editor,com.google.gwt.eclipse.core,2.5.1.v201201120043-rel-r37,"com.google.gwt.eclipse.core.editors.gwtJavaEditor",1328783441311
executed,command,org.eclipse.ui,3.7.0.I20110602-0100,"org.eclipse.ui.file.save",1328783448976
deactivated,workbench,org.eclipse.ui.workbench,3.7.0.I20110519-0100,"",1328783450498
activated,workbench,org.eclipse.ui.workbench,3.7.0.I20110519-0100,"",1328783451840
activated,view,com.google.gwt.eclipse.oophm,2.5.1.v201201120043-rel-r37,"com.google.gwt.eclipse.DevModeView",1328783451856
activated,view,org.eclipse.ui.console,3.5.100.v20110511,"org.eclipse.ui.console.ConsoleView",1328783454371
activated,editor,org.eclipse.wb.core.ui,,"org.eclipse.wb.core.guiEditor",1328783469947
deactivated,workbench,org.eclipse.ui.workbench,3.7.0.I20110519-0100,"",1328783474210
activated,workbench,org.eclipse.ui.workbench,3.7.0.I20110519-0100,"",1328783491230
activated,editor,com.google.gwt.eclipse.core,2.5.1.v201201120043-rel-r37,"com.google.gwt.eclipse.core.editors.gwtJavaEditor",1328783491439
activated,editor,org.eclipse.wb.core.ui,,"org.eclipse.wb.core.guiEditor",1328783493539
activated,editor,org.eclipse.wb.css,1.2.0.r37x201109270317,"org.eclipse.wb.css.editors.guiEditor",1328783507131
deactivated,workbench,org.eclipse.ui.workbench,3.7.0.I20110519-0100,"",1328783518312
activated,workbench,org.eclipse.ui.workbench,3.7.0.I20110519-0100,"",1328783519191
deactivated,workbench,org.eclipse.ui.workbench,3.7.0.I20110519-0100,"",1328783519870
activated,workbench,org.eclipse.ui.workbench,3.7.0.I20110519-0100,"",1328783540380
executed,command,org.eclipse.ui,3.7.0.I20110602-0100,"org.eclipse.ui.edit.paste",1328783545622
executed,command,org.eclipse.ui,3.7.0.I20110602-0100,"org.eclipse.ui.edit.cut",1328783561523
deactivated,workbench,org.eclipse.ui.workbench,3.7.0.I20110519-0100,"",1328783566077
activated,workbench,org.eclipse.ui.workbench,3.7.0.I20110519-0100,"",1328783583188
executed,command,org.eclipse.ui,3.7.0.I20110602-0100,"org.eclipse.ui.edit.cut",1328783590202
deactivated,workbench,org.eclipse.ui.workbench,3.7.0.I20110519-0100,"",1328783591343
activated,workbench,org.eclipse.ui.workbench,3.7.0.I20110519-0100,"",1328783595442
deactivated,workbench,org.eclipse.ui.workbench,3.7.0.I20110519-0100,"",1328783604521
activated,workbench,org.eclipse.ui.workbench,3.7.0.I20110519-0100,"",1328783614069
executed,command,org.eclipse.ui,3.7.0.I20110602-0100,"org.eclipse.ui.file.save",1328783615166
deactivated,workbench,org.eclipse.ui.workbench,3.7.0.I20110519-0100,"",1328783616195
activated,workbench,org.eclipse.ui.workbench,3.7.0.I20110519-0100,"",1328783646742
deactivated,workbench,org.eclipse.ui.workbench,3.7.0.I20110519-0100,"",1328783727436
activated,workbench,org.eclipse.ui.workbench,3.7.0.I20110519-0100,"",1328783847648
executed,command,org.eclipse.ui,3.7.0.I20110602-0100,"org.eclipse.ui.file.save",1328783860833
deactivated,workbench,org.eclipse.ui.workbench,3.7.0.I20110519-0100,"",1328783862369
activated,workbench,org.eclipse.ui.workbench,3.7.0.I20110519-0100,"",1328783877890
executed,command,org.eclipse.ui,3.7.0.I20110602-0100,"org.eclipse.ui.file.save",1328783880294
deactivated,workbench,org.eclipse.ui.workbench,3.7.0.I20110519-0100,"",1328783881338
activated,workbench,org.eclipse.ui.workbench,3.7.0.I20110519-0100,"",1328783890500
executed,command,org.eclipse.ui,3.7.0.I20110602-0100,"org.eclipse.ui.file.save",1328783893425
deactivated,workbench,org.eclipse.ui.workbench,3.7.0.I20110519-0100,"",1328783896971
activated,workbench,org.eclipse.ui.workbench,3.7.0.I20110519-0100,"",1328783901622
executed,command,org.eclipse.ui,3.7.0.I20110602-0100,"org.eclipse.ui.file.save",1328783905261
deactivated,workbench,org.eclipse.ui.workbench,3.7.0.I20110519-0100,"",1328783906620
activated,workbench,org.eclipse.ui.workbench,3.7.0.I20110519-0100,"",1328783913673
executed,command,org.eclipse.ui,3.7.0.I20110602-0100,"org.eclipse.ui.file.save",1328783915132
deactivated,workbench,org.eclipse.ui.workbench,3.7.0.I20110519-0100,"",1328783916247
activated,workbench,org.eclipse.ui.workbench,3.7.0.I20110519-0100,"",1328784458740
executed,command,org.eclipse.ui,3.7.0.I20110602-0100,"org.eclipse.ui.edit.delete",1328784463271
executed,command,org.eclipse.ui,3.7.0.I20110602-0100,"org.eclipse.ui.file.save",1328784469818
deactivated,workbench,org.eclipse.ui.workbench,3.7.0.I20110519-0100,"",1328784470993
activated,workbench,org.eclipse.ui.workbench,3.7.0.I20110519-0100,"",1328784486614
deactivated,workbench,org.eclipse.ui.workbench,3.7.0.I20110519-0100,"",1328784500167
activated,workbench,org.eclipse.ui.workbench,3.7.0.I20110519-0100,"",1328784515590
executed,command,org.eclipse.ui,3.7.0.I20110602-0100,"org.eclipse.ui.file.save",1328784520207
deactivated,workbench,org.eclipse.ui.workbench,3.7.0.I20110519-0100,"",1328784523196
activated,workbench,org.eclipse.ui.workbench,3.7.0.I20110519-0100,"",1328784532484
deactivated,workbench,org.eclipse.ui.workbench,3.7.0.I20110519-0100,"",1328784538400
activated,workbench,org.eclipse.ui.workbench,3.7.0.I20110519-0100,"",1328784542329
executed,command,org.eclipse.ui,3.7.0.I20110602-0100,"org.eclipse.ui.edit.delete",1328784546256
executed,command,org.eclipse.ui,3.7.0.I20110602-0100,"org.eclipse.ui.file.save",1328784549844
deactivated,workbench,org.eclipse.ui.workbench,3.7.0.I20110519-0100,"",1328784550902
activated,workbench,org.eclipse.ui.workbench,3.7.0.I20110519-0100,"",1328784558776
executed,command,org.eclipse.ui,3.7.0.I20110602-0100,"org.eclipse.ui.file.save",1328784562272
deactivated,workbench,org.eclipse.ui.workbench,3.7.0.I20110519-0100,"",1328784563178
activated,workbench,org.eclipse.ui.workbench,3.7.0.I20110519-0100,"",1328784663428
deactivated,workbench,org.eclipse.ui.workbench,3.7.0.I20110519-0100,"",1328784689856
activated,workbench,org.eclipse.ui.workbench,3.7.0.I20110519-0100,"",1328784909996
deactivated,workbench,org.eclipse.ui.workbench,3.7.0.I20110519-0100,"",1328784946446
activated,workbench,org.eclipse.ui.workbench,3.7.0.I20110519-0100,"",1328785040290
activated,editor,org.eclipse.wb.core.ui,,"org.eclipse.wb.core.guiEditor",1328785045484
activated,editor,org.eclipse.wb.css,1.2.0.r37x201109270317,"org.eclipse.wb.css.editors.guiEditor",1328785046631
executed,command,org.eclipse.ui,3.7.0.I20110602-0100,"org.eclipse.ui.file.save",1328785051479
deactivated,workbench,org.eclipse.ui.workbench,3.7.0.I20110519-0100,"",1328785061590
activated,workbench,org.eclipse.ui.workbench,3.7.0.I20110519-0100,"",1328785298917
deactivated,workbench,org.eclipse.ui.workbench,3.7.0.I20110519-0100,"",1328785342121
activated,workbench,org.eclipse.ui.workbench,3.7.0.I20110519-0100,"",1328785686889
activated,view,com.google.gwt.eclipse.oophm,2.5.1.v201201120043-rel-r37,"com.google.gwt.eclipse.DevModeView",1328785686901
activated,editor,org.eclipse.wb.css,1.2.0.r37x201109270317,"org.eclipse.wb.css.editors.guiEditor",1328785689325
executed,command,org.eclipse.ui,3.7.0.I20110602-0100,"org.eclipse.ui.file.save",1328785693546
deactivated,workbench,org.eclipse.ui.workbench,3.7.0.I20110519-0100,"",1328785695306
activated,workbench,org.eclipse.ui.workbench,3.7.0.I20110519-0100,"",1328785696252
activated,view,com.google.gwt.eclipse.oophm,2.5.1.v201201120043-rel-r37,"com.google.gwt.eclipse.DevModeView",1328785696263
activated,view,org.eclipse.ui.console,3.5.100.v20110511,"org.eclipse.ui.console.ConsoleView",1328785698617
activated,editor,org.eclipse.wb.css,1.2.0.r37x201109270317,"org.eclipse.wb.css.editors.guiEditor",1328785703647
executed,command,org.eclipse.ui,3.7.0.I20110602-0100,"org.eclipse.ui.edit.undo",1328785704486
executed,command,org.eclipse.ui,3.7.0.I20110602-0100,"org.eclipse.ui.edit.undo",1328785705086
executed,command,org.eclipse.ui,3.7.0.I20110602-0100,"org.eclipse.ui.file.save",1328785709205
deactivated,workbench,org.eclipse.ui.workbench,3.7.0.I20110519-0100,"",1328785710141
activated,workbench,org.eclipse.ui.workbench,3.7.0.I20110519-0100,"",1328785727222
executed,command,org.eclipse.ui,3.7.0.I20110602-0100,"org.eclipse.ui.file.save",1328785729490
deactivated,workbench,org.eclipse.ui.workbench,3.7.0.I20110519-0100,"",1328785730237
activated,workbench,org.eclipse.ui.workbench,3.7.0.I20110519-0100,"",1328785792921
activated,editor,org.eclipse.wb.core.ui,,"org.eclipse.wb.core.guiEditor",1328785794114
deactivated,workbench,org.eclipse.ui.workbench,3.7.0.I20110519-0100,"",1328785821147
activated,workbench,org.eclipse.ui.workbench,3.7.0.I20110519-0100,"",1328785852663
activated,editor,org.eclipse.wb.css,1.2.0.r37x201109270317,"org.eclipse.wb.css.editors.guiEditor",1328785852726
deactivated,workbench,org.eclipse.ui.workbench,3.7.0.I20110519-0100,"",1328785863714
activated,workbench,org.eclipse.ui.workbench,3.7.0.I20110519-0100,"",1328785873636
executed,command,org.eclipse.ui,3.7.0.I20110602-0100,"org.eclipse.ui.file.save",1328785893244
deactivated,workbench,org.eclipse.ui.workbench,3.7.0.I20110519-0100,"",1328785894445
activated,workbench,org.eclipse.ui.workbench,3.7.0.I20110519-0100,"",1328785984024
executed,command,org.eclipse.ui,3.7.0.I20110602-0100,"org.eclipse.ui.file.save",1328785991159
deactivated,workbench,org.eclipse.ui.workbench,3.7.0.I20110519-0100,"",1328785998123
activated,workbench,org.eclipse.ui.workbench,3.7.0.I20110519-0100,"",1328786505575
activated,editor,org.eclipse.wb.core.ui,,"org.eclipse.wb.core.guiEditor",1328786508436
deactivated,workbench,org.eclipse.ui.workbench,3.7.0.I20110519-0100,"",1328786517449
activated,workbench,org.eclipse.ui.workbench,3.7.0.I20110519-0100,"",1328786527814
executed,command,org.eclipse.ui,3.7.0.I20110602-0100,"org.eclipse.ui.newWizard",1328786527825
deactivated,workbench,org.eclipse.ui.workbench,3.7.0.I20110519-0100,"",1328786529621
activated,workbench,org.eclipse.ui.workbench,3.7.0.I20110519-0100,"",1328786558712
activated,editor,org.eclipse.wb.css,1.2.0.r37x201109270317,"org.eclipse.wb.css.editors.guiEditor",1328786561020
executed,command,org.eclipse.ui,3.7.0.I20110602-0100,"org.eclipse.ui.file.save",1328786567143
deactivated,workbench,org.eclipse.ui.workbench,3.7.0.I20110519-0100,"",1328786568414
activated,workbench,org.eclipse.ui.workbench,3.7.0.I20110519-0100,"",1328786584586
executed,command,org.eclipse.ui,3.7.0.I20110602-0100,"org.eclipse.ui.file.save",1328786587020
deactivated,workbench,org.eclipse.ui.workbench,3.7.0.I20110519-0100,"",1328786628282
activated,workbench,org.eclipse.ui.workbench,3.7.0.I20110519-0100,"",1328786882106
activated,editor,org.eclipse.wb.core.ui,,"org.eclipse.wb.core.guiEditor",1328786883301
deactivated,workbench,org.eclipse.ui.workbench,3.7.0.I20110519-0100,"",1328786898071
activated,workbench,org.eclipse.ui.workbench,3.7.0.I20110519-0100,"",1328786898231
deactivated,workbench,org.eclipse.ui.workbench,3.7.0.I20110519-0100,"",1328786902946
activated,workbench,org.eclipse.ui.workbench,3.7.0.I20110519-0100,"",1328786903113
deactivated,workbench,org.eclipse.ui.workbench,3.7.0.I20110519-0100,"",1328786908988
activated,workbench,org.eclipse.ui.workbench,3.7.0.I20110519-0100,"",1328786909124
deactivated,workbench,org.eclipse.ui.workbench,3.7.0.I20110519-0100,"",1328786911360
activated,workbench,org.eclipse.ui.workbench,3.7.0.I20110519-0100,"",1328786913610
activated,view,org.eclipse.jdt.ui,3.7.0.v20110531-1200,"org.eclipse.jdt.ui.PackageExplorer",1328786976803
opened,editor,com.google.gwt.eclipse.core,2.5.1.v201201120043-rel-r37,"com.google.gwt.eclipse.core.editors.gwtJavaEditor",1328786980284
activated,editor,com.google.gwt.eclipse.core,2.5.1.v201201120043-rel-r37,"com.google.gwt.eclipse.core.editors.gwtJavaEditor",1328786980332
activated,editor,org.eclipse.wb.core.ui,,"org.eclipse.wb.core.guiEditor",1328786988773
closed,editor,com.google.gwt.eclipse.core,2.5.1.v201201120043-rel-r37,"com.google.gwt.eclipse.core.editors.gwtJavaEditor",1328786988773
deactivated,workbench,org.eclipse.ui.workbench,3.7.0.I20110519-0100,"",1328787005482
activated,workbench,org.eclipse.ui.workbench,3.7.0.I20110519-0100,"",1328787007426
executed,command,org.eclipse.ui,3.7.0.I20110602-0100,"org.eclipse.ui.file.save",1328787009696
deactivated,workbench,org.eclipse.ui.workbench,3.7.0.I20110519-0100,"",1328787011491
activated,workbench,org.eclipse.ui.workbench,3.7.0.I20110519-0100,"",1328787053854
activated,editor,org.eclipse.ui.editors,3.7.0.v20110517-0800,"org.eclipse.ui.DefaultTextEditor",1328787054520
activated,editor,org.eclipse.wb.css,1.2.0.r37x201109270317,"org.eclipse.wb.css.editors.guiEditor",1328787055729
deactivated,workbench,org.eclipse.ui.workbench,3.7.0.I20110519-0100,"",1328787066259
activated,workbench,org.eclipse.ui.workbench,3.7.0.I20110519-0100,"",1328787074435
deactivated,workbench,org.eclipse.ui.workbench,3.7.0.I20110519-0100,"",1328787100343
activated,workbench,org.eclipse.ui.workbench,3.7.0.I20110519-0100,"",1328787103954
executed,command,org.eclipse.ui,3.7.0.I20110602-0100,"org.eclipse.ui.edit.paste",1328787110676
executed,command,org.eclipse.ui,3.7.0.I20110602-0100,"org.eclipse.ui.file.save",1328787112086
deactivated,workbench,org.eclipse.ui.workbench,3.7.0.I20110519-0100,"",1328787112964
activated,workbench,org.eclipse.ui.workbench,3.7.0.I20110519-0100,"",1328787125528
deactivated,workbench,org.eclipse.ui.workbench,3.7.0.I20110519-0100,"",1328787135736
activated,workbench,org.eclipse.ui.workbench,3.7.0.I20110519-0100,"",1328787176822
executed,command,org.eclipse.ui,3.7.0.I20110602-0100,"org.eclipse.ui.edit.delete",1328787196681
executed,command,org.eclipse.ui,3.7.0.I20110602-0100,"org.eclipse.ui.file.save",1328787204888
deactivated,workbench,org.eclipse.ui.workbench,3.7.0.I20110519-0100,"",1328787206463
activated,workbench,org.eclipse.ui.workbench,3.7.0.I20110519-0100,"",1328787215359
activated,view,com.google.gwt.eclipse.oophm,2.5.1.v201201120043-rel-r37,"com.google.gwt.eclipse.DevModeView",1328787215374
activated,editor,org.eclipse.wb.css,1.2.0.r37x201109270317,"org.eclipse.wb.css.editors.guiEditor",1328787215391
executed,command,org.eclipse.ui,3.7.0.I20110602-0100,"org.eclipse.ui.file.save",1328787217825
deactivated,workbench,org.eclipse.ui.workbench,3.7.0.I20110519-0100,"",1328787218821
activated,workbench,org.eclipse.ui.workbench,3.7.0.I20110519-0100,"",1328787219465
activated,view,com.google.gwt.eclipse.oophm,2.5.1.v201201120043-rel-r37,"com.google.gwt.eclipse.DevModeView",1328787219485
activated,view,org.eclipse.ui.console,3.5.100.v20110511,"org.eclipse.ui.console.ConsoleView",1328787221453
activated,view,com.google.gwt.eclipse.oophm,2.5.1.v201201120043-rel-r37,"com.google.gwt.eclipse.DevModeView",1328787222278
activated,editor,org.eclipse.wb.css,1.2.0.r37x201109270317,"org.eclipse.wb.css.editors.guiEditor",1328787225513
executed,command,org.eclipse.ui,3.7.0.I20110602-0100,"org.eclipse.ui.file.save",1328787227570
activated,editor,org.eclipse.wb.core.ui,,"org.eclipse.wb.core.guiEditor",1328787230752
executed,command,org.eclipse.ui,3.7.0.I20110602-0100,"org.eclipse.ui.file.save",1328787239688
deactivated,workbench,org.eclipse.ui.workbench,3.7.0.I20110519-0100,"",1328787241677
activated,workbench,org.eclipse.ui.workbench,3.7.0.I20110519-0100,"",1328787242385
activated,view,com.google.gwt.eclipse.oophm,2.5.1.v201201120043-rel-r37,"com.google.gwt.eclipse.DevModeView",1328787242411
activated,view,org.eclipse.ui.console,3.5.100.v20110511,"org.eclipse.ui.console.ConsoleView",1328787244205
activated,view,com.google.gwt.eclipse.oophm,2.5.1.v201201120043-rel-r37,"com.google.gwt.eclipse.DevModeView",1328787244942
activated,view,org.eclipse.ui.console,3.5.100.v20110511,"org.eclipse.ui.console.ConsoleView",1328787249080
activated,view,com.google.gwt.eclipse.oophm,2.5.1.v201201120043-rel-r37,"com.google.gwt.eclipse.DevModeView",1328787258005
activated,editor,org.eclipse.wb.css,1.2.0.r37x201109270317,"org.eclipse.wb.css.editors.guiEditor",1328787287269
executed,command,org.eclipse.ui,3.7.0.I20110602-0100,"org.eclipse.ui.edit.copy",1328787302467
deactivated,workbench,org.eclipse.ui.workbench,3.7.0.I20110519-0100,"",1328787303136
activated,workbench,org.eclipse.ui.workbench,3.7.0.I20110519-0100,"",1328787348655
deactivated,workbench,org.eclipse.ui.workbench,3.7.0.I20110519-0100,"",1328787351761
deactivated,workbench,org.eclipse.ui.workbench,3.7.0.I20110519-0100,"",1328787353012
activated,workbench,org.eclipse.ui.workbench,3.7.0.I20110519-0100,"",1328787353300
activated,editor,org.eclipse.wb.core.ui,,"org.eclipse.wb.core.guiEditor",1328787371844
deactivated,workbench,org.eclipse.ui.workbench,3.7.0.I20110519-0100,"",1328787422301
activated,workbench,org.eclipse.ui.workbench,3.7.0.I20110519-0100,"",1328787593223
deactivated,workbench,org.eclipse.ui.workbench,3.7.0.I20110519-0100,"",1328787634656
activated,workbench,org.eclipse.ui.workbench,3.7.0.I20110519-0100,"",1328787798362
deactivated,workbench,org.eclipse.ui.workbench,3.7.0.I20110519-0100,"",1328787818378
activated,workbench,org.eclipse.ui.workbench,3.7.0.I20110519-0100,"",1328787845229
deactivated,workbench,org.eclipse.ui.workbench,3.7.0.I20110519-0100,"",1328787855613
activated,workbench,org.eclipse.ui.workbench,3.7.0.I20110519-0100,"",1328788008699
activated,editor,org.eclipse.wb.css,1.2.0.r37x201109270317,"org.eclipse.wb.css.editors.guiEditor",1328788008802
deactivated,workbench,org.eclipse.ui.workbench,3.7.0.I20110519-0100,"",1328788064085
activated,workbench,org.eclipse.ui.workbench,3.7.0.I20110519-0100,"",1328788076727
deactivated,workbench,org.eclipse.ui.workbench,3.7.0.I20110519-0100,"",1328788081944
activated,workbench,org.eclipse.ui.workbench,3.7.0.I20110519-0100,"",1328788091943
executed,command,org.eclipse.ui,3.7.0.I20110602-0100,"org.eclipse.ui.file.save",1328788173987
deactivated,workbench,org.eclipse.ui.workbench,3.7.0.I20110519-0100,"",1328788175569
activated,workbench,org.eclipse.ui.workbench,3.7.0.I20110519-0100,"",1328788176467
activated,view,com.google.gwt.eclipse.oophm,2.5.1.v201201120043-rel-r37,"com.google.gwt.eclipse.DevModeView",1328788176482
activated,view,org.eclipse.ui.console,3.5.100.v20110511,"org.eclipse.ui.console.ConsoleView",1328788178598
activated,view,com.google.gwt.eclipse.oophm,2.5.1.v201201120043-rel-r37,"com.google.gwt.eclipse.DevModeView",1328788179284
activated,view,org.eclipse.ui.console,3.5.100.v20110511,"org.eclipse.ui.console.ConsoleView",1328788205727
activated,view,com.google.gwt.eclipse.oophm,2.5.1.v201201120043-rel-r37,"com.google.gwt.eclipse.DevModeView",1328788206423
activated,view,org.eclipse.ui.console,3.5.100.v20110511,"org.eclipse.ui.console.ConsoleView",1328788266663
activated,view,com.google.gwt.eclipse.oophm,2.5.1.v201201120043-rel-r37,"com.google.gwt.eclipse.DevModeView",1328788267376
activated,editor,org.eclipse.wb.css,1.2.0.r37x201109270317,"org.eclipse.wb.css.editors.guiEditor",1328788344518
executed,command,org.eclipse.ui,3.7.0.I20110602-0100,"org.eclipse.ui.file.save",1328788361101
executed,command,org.eclipse.ui,3.7.0.I20110602-0100,"org.eclipse.ui.file.save",1328788364299
